Property_id,Rent
4394,453.78389271898595
2338,681.9296747064632
8531,657.3844936911662
8952,357.675311991787
11064,250.08364855501264
10336,778.9966920870513
12954,904.8198056685823
219,386.8228400266687
1599,542.4506796915226
7572,446.5107679243489
170,665.5567536918479
6658,359.98407575592336
3616,354.46893575002133
7772,381.13928642944563
1214,709.2459720380316
8197,473.9563578431581
9892,303.1405038982814
1635,934.712842832077
7403,1073.465873010915
4468,291.04898940113526
13081,545.1588309042411
13917,249.7145438886135
4049,1864.3767282724302
2145,286.36208069800335
2125,895.2188381426134
1580,460.6112452047864
3828,831.9965256932616
10858,455.0875586415378
2999,790.9360243652185
3834,796.8557139109771
11267,467.24593874220596
11904,707.0043360863684
5514,585.1837871633885
8697,260.0385907414885
3466,507.1024409529678
8217,835.0556308117405
4230,250.08169144292626
10598,245.34533225317094
2920,548.2054662758542
328,566.4929436813447
10668,1061.1390943236754
2911,374.37767697456286
5039,521.2520864722494
7590,358.7399463845024
5757,347.8733083820828
9697,571.2444863806645
3859,997.6580794578956
11365,709.6674987226944
1984,488.05260167846757
6033,631.5439052442081
10816,231.15824838505662
11981,662.7247819800049
7883,402.98325946338826
6166,408.33192564323303
7769,436.89711255699166
8087,304.81471595287655
5504,449.5437010025932
11853,431.2542348988759
7768,276.5134107453593
9232,231.3668979446676
9695,758.1138510255026
7477,862.7085821122282
12232,671.9409288657728
6795,388.5230689185005
5624,407.58012528512484
3600,553.0823851822125
11199,342.6041966665131
3681,705.2208999100341
169,688.5078599461012
9531,692.8563605398768
1329,1055.6439449762074
2237,187.7239988582032
1079,628.1439272054323
8500,988.5870266434615
456,648.6573625872231
8010,1209.0474811386966
9407,296.91262110817775
9538,263.1008461877953
3015,377.6417263529384
2583,381.1237515377177
10125,358.03430178643043
11959,540.6500729552567
4878,812.5569181355502
10070,418.4469078387295
7151,134.23009343455695
736,463.083736460387
12765,971.2544103655947
3480,190.79686220054103
1800,688.2494128973343
3602,820.8510195834544
8279,947.7159487427208
12788,348.90289206008595
3572,464.3545395216755
2925,339.5045788721403
2620,847.6884318326141
1924,774.005515048023
12650,363.65873164184825
11699,627.9331103825793
4297,482.37223934226745
12435,367.7974347074134
4092,315.3104554676627
400,254.95152342037554
4801,556.6464875888198
11378,468.14539540187906
8328,1031.278560567532
7808,333.1638687302671
13578,418.14698337094484
13020,249.51083402473967
6346,899.785984409791
3014,390.13455658648604
8117,303.8652817355686
7525,410.2829592624914
13577,221.4943678172585
11472,227.8504668722709
9461,465.4466837542979
11815,298.0879677830558
3345,580.7646764195784
12663,1338.6867209802992
13302,540.649710272213
291,301.50628414753214
8240,778.5516343263743
13184,470.6377678722327
7310,286.11322632725086
2819,237.09177582094904
3406,313.14353240160096
3543,356.54967519835765
8359,412.16988746157017
1689,524.0023814241738
11850,223.7696469368225
11018,775.3667628258854
6426,297.36319720496783
8280,544.8192100273279
7568,373.86955700536214
8539,877.6600455373498
3032,404.9786565989555
3596,386.47603514747146
7597,1388.3800053379955
5730,218.43485461462328
13214,217.53028111304602
609,394.2396011375532
7751,1326.9264562360975
12177,523.0801162040336
9623,368.20815170655686
13033,236.07838310721456
13331,349.10814081187834
6196,835.5089055231375
5480,1017.2440553431063
1845,357.1924591869417
2770,694.462744145902
8251,512.0807307126256
10862,444.3961410780866
1744,609.9692000423738
9367,21.845416803182676
6089,1349.901607763467
3618,362.67651959212424
10180,357.55195394713
11445,599.2991534617686
13836,299.2373071772791
4100,534.4976044836626
8744,524.0297426759777
2068,421.07661294126206
13015,545.2667694662423
13960,224.9274649068314
13336,409.6986843070656
8456,1368.8538875353886
1966,579.758836896939
10748,383.4939461795592
11370,363.96565638824825
9658,25.57847110593742
8694,249.8710711390255
12832,703.0209957391452
10698,985.6964301029434
13473,720.6552685245273
2994,546.0559786116049
4169,381.5077063365808
10428,143.45904117019288
7920,392.68972985949233
12383,336.7527939594176
5072,651.1868702471687
10872,674.7175274436439
4463,523.3780595063436
5652,489.12211888619197
12837,509.7614846233113
12713,890.3738800203653
10292,204.180280196717
11431,437.94200114672253
1963,369.4802387406928
1770,203.33327603934143
11403,928.2907695709913
3996,456.2041664924557
7925,520.5232809992417
10045,1118.1341698230053
1958,357.47798622636174
4818,394.3521125463997
11355,182.3131358494189
6076,962.4254774080426
8075,1009.4386435798853
8871,1166.7461774515527
4266,260.01584996819645
13205,813.4626675871197
12256,239.62204167885798
3647,709.2881549020985
11286,691.2558592417696
7454,224.20449820880333
10121,534.5465044618262
12063,694.1134571095185
8939,495.7906146764211
8643,308.92012618605986
733,416.30459407334126
796,428.6258455706292
1594,520.1094363582023
7429,694.5884827795472
9090,236.95077178836613
11220,325.47103726173407
5835,502.1138806326309
10035,694.2582987888902
411,284.90543357836106
2120,546.718659130343
10640,611.4672834504356
6097,1109.3841718939113
1922,524.2558988077348
2141,444.10966114582334
3856,634.816478081996
9726,296.6373407787968
12157,471.08627115333996
8927,580.3749101660192
1490,637.6874002861638
9026,344.99999711258124
11508,420.49361251955156
7766,357.2402790304075
6866,512.6709729776612
8487,14.470931804529716
5251,957.7434363037198
3692,1131.4875229265713
6552,725.8981848807906
904,821.4841521997275
12219,319.9983370392686
488,350.89427397558205
4163,460.6356073502508
14011,428.2681524582903
12246,353.17064097408695
8911,590.1424454834253
903,308.3941578534312
2013,1134.6436931099258
4191,230.3434934041846
4862,328.31055257947696
5229,392.5034649589988
6105,419.23881036133673
10445,755.6569013943839
15,542.4722520576695
3593,1137.4480046042063
7029,308.40686149022997
13066,881.0193719418135
10751,405.2569944105176
10466,521.027193836244
7074,676.7599545970403
10672,322.233298935025
9108,221.49655116555465
7915,558.5452980326439
13147,341.782816150099
3223,549.0444943043437
13807,539.6343221264168
12173,219.42236760834285
6585,455.05583940350715
1517,1195.8248225091622
4521,334.81688978439604
3208,438.4144646715696
2457,341.6230417966007
1359,1199.512400463024
7439,923.1915031960198
8792,347.73494079211395
7229,612.0130470261936
12797,941.8000772527135
6456,944.5990539431555
8077,197.37437252619148
2035,174.21880424882355
9523,465.97365703539333
1347,410.2654413957984
287,437.7741373193077
9591,1086.4835970425331
3523,793.5566590357541
3209,643.0680177694343
8424,682.748793638958
8463,136.79320002965017
3479,689.0899380984724
1108,828.4816048220509
3705,344.2681919804681
2361,755.2238571470094
4994,1326.0422730887085
10307,321.534050174573
2311,511.93991771863995
10194,321.5502355086146
7692,578.853140670273
5764,348.87755547894585
1748,776.5179604161032
2632,454.960158776914
7110,469.7651710588009
9882,479.2356762521071
2693,980.60964383709
5640,280.79812921838527
13432,289.344118160656
10257,329.19126237240863
10033,395.22229188231256
1581,698.0969529841273
9024,375.46893587836604
1663,583.3485265778716
9764,878.5684882222824
7641,1167.665461265141
8622,1144.6762019895416
4906,342.2155481674793
354,666.8098809725763
6303,1422.2261869475522
5999,1062.3137417065732
10158,321.1059564542996
2958,697.1056699538683
3653,700.4873804214506
1796,306.57805187828916
12426,343.00040509374037
1607,617.2019332653725
2715,517.6030199372041
10401,361.62559020570524
2590,338.99150661991536
3380,390.5443688888685
9192,366.8508177530704
1990,118.26493433469271
11233,294.29719913548735
13631,622.8389897067988
8566,937.4542740339467
14058,619.3829468057869
12277,785.888510792407
2110,379.56036191614226
4166,520.8233409867406
6553,462.0570462181411
4190,418.52883882860607
10711,500.66999596969026
1419,432.9862271278021
174,480.16902150464284
7609,398.7961131107799
1784,992.4933065885527
9775,1303.627282298747
7475,203.9579674532795
3679,773.0587273027159
7638,484.4020650063787
6576,1437.1134001426049
4510,471.7174505229294
10141,780.6927333323547
10236,463.00494784663255
100,506.57811252231284
7489,463.52597994010404
1698,500.6170496691503
6957,272.6147974624275
3777,561.7571765790542
6974,385.1724476582212
12804,399.6036124951822
1723,1178.4221099349108
4503,495.99753262592094
8305,422.00294200341455
837,867.233258497675
12656,335.72737431403243
8028,398.0305436339301
10547,307.6723032577336
6715,539.6881258013736
4046,1278.2299873200986
1062,307.7146324353027
7628,580.529376012734
7497,911.7591534417462
13167,845.5951692284556
5728,346.2430412161409
8743,830.6704998492179
11170,846.7256499559662
7502,601.7642424613998
11062,815.2201709452996
5207,559.5538537756848
9839,316.97070629645793
10889,370.02430038771007
3419,1364.8668932364585
795,401.5179587371423
1535,367.0285766464315
1040,605.4799748120242
5002,590.2772698867736
10696,497.95413893962984
11125,667.1837645934191
8421,681.3631601090157
1618,556.9660567369873
6400,385.4729104741746
8483,12.821068185234749
9163,1050.557502697207
5036,586.4161147456048
8673,447.5844126001383
9229,210.58389964284316
5445,193.95458625831006
6910,983.9996217709369
281,915.173112560583
1115,338.56225603414526
773,297.6130680820873
709,440.2071839659793
13288,825.2254931286699
10826,280.8035665703497
7317,733.9784032382033
12448,335.7718148820157
9162,424.7470232038052
11877,116.19867929620685
3704,311.10274455641115
10435,347.03335103654086
2875,426.7806781659446
5427,379.47173088481264
7823,518.1439995933556
7158,496.3491218929332
3446,339.0249556320372
12483,410.79514461475765
12967,626.007994083696
978,465.72257690858385
4401,172.48776475895696
32,926.2980464616561
5340,335.3459694013317
1576,416.46923257441046
340,506.3403304893776
8779,522.1801257162095
11735,356.6947583726889
4368,313.042119149435
6747,1236.1819706555032
2086,403.4826680846899
11243,315.59715349490136
7554,1126.910922242511
6299,335.8995612499693
2496,1343.604672710785
3956,547.6017393836086
3939,329.5548603185278
11014,187.79020838049203
9631,353.85029542906904
3515,325.555954177685
3342,656.3989396773015
469,1753.2312111547217
12488,265.48009935158433
4465,1071.4351344020938
11219,504.4347434746469
4342,499.46368721164595
7982,356.0052188503494
6302,505.6544869163541
2975,408.3476412957538
103,1074.9891354425047
2202,219.80283779142593
3781,453.3537584625236
6462,904.9604083911802
2460,504.35500961711864
5217,259.2707640831825
3920,701.0314586204498
5372,142.3227558145263
8288,341.45865090658674
11709,400.37094792305834
2440,197.79006835274728
9103,912.527925563993
8467,874.6475063672717
10494,255.13796967834864
6070,226.00699752150857
8766,448.2650163060018
5748,730.9280114178962
9244,442.79235567219865
8630,280.52328305415523
14047,13.358548155033033
8508,569.2540207952143
7259,898.0088860951349
12605,361.83030312569895
9945,536.9353030382957
9380,729.9889772274852
6202,1591.2036941347394
3786,962.890132486466
5660,371.5687025091145
9465,650.7775933609008
12190,341.1671430185386
3026,837.1139356390498
5913,877.3110034570801
10260,1059.9735288682086
4639,442.8138247876195
9728,436.14625260079043
5141,1073.5718099167807
11319,502.48372894550954
8551,1303.9661376988342
5080,445.23353585521295
625,541.0640835759574
7137,575.3294174743547
5923,586.767791678687
7255,279.28088810947867
12729,209.25322809495964
11108,1122.0554682974653
9460,472.35013344989255
10535,430.4084293446661
6373,421.3345420704556
11851,414.57600154068615
10586,1016.9098952097693
6344,422.68304859164
10145,1236.1819706555032
1769,226.9995371248963
6903,906.2317107496056
361,1072.4278454827997
4605,579.2699630786836
13937,343.9247411476938
10086,323.9564643289965
182,156.3059120311732
3025,385.0627062032012
8560,789.3682700907772
748,676.4639764303464
2535,283.059902441266
7969,1019.6439175174493
4964,588.2712347157792
3822,693.347699073411
4044,868.1877096594227
4353,1055.2674106961317
3951,655.2234098114202
4065,662.3984735237989
12610,359.42872748868
1890,309.2108871752691
4402,351.0117380340176
12208,699.6574537677578
2929,414.2254645336289
1112,345.78988743823345
6490,635.8283705217397
5847,451.89584384061055
6193,385.81282796139004
1563,487.03507213007396
7145,1159.2231642088902
12933,425.3020178418579
11962,585.2973787807895
11555,264.469578037764
12285,498.45242621437006
11515,489.3444593011669
10702,1465.1190410622644
285,430.4120481629623
11725,974.8271826377505
13061,541.2728139122328
11201,379.31650108011326
2502,240.3053020148104
12251,480.5968018244709
1262,344.1955398101897
6235,1361.1635121915929
10058,488.80411512430544
9774,1234.6951877615325
7059,908.6306985486078
5965,407.3059572581121
10779,1053.8944796828882
3300,609.4735466569125
1715,738.7420580055614
4751,376.9560078516331
9417,1087.836189235479
13150,394.543145609661
10079,1061.694217708351
5174,265.03946648346533
12856,646.5704812030847
10664,953.389332111071
8109,209.06549924516648
11056,602.4773170609499
11180,262.67179986471217
3144,185.8733922325142
5921,434.9259117645025
7277,215.15947154448784
8247,18.011860793540652
11942,409.9270997117655
12160,352.2429037253301
3001,408.0181513401833
10018,309.49423250686243
9820,502.96827984182875
13525,406.78428588591817
2118,398.0720488542971
2484,258.46770262097886
2910,913.5086411281171
5033,895.186535997826
9258,370.69594963694186
11002,14.228105639040491
1494,408.8924522466766
2326,269.32962175095696
7865,624.6564195716236
2082,396.1224336901031
12487,690.9621825883094
3892,1490.1532700652106
7513,395.3165263268552
7384,441.76930395966156
9397,703.0891415645985
12295,312.16443896004256
7860,598.7648595130519
7713,347.3736411597245
1531,371.58640653770925
13319,312.03482438368013
9640,1303.08913813429
4314,348.2243286170084
9582,560.3649096439531
10192,1029.8271406994875
7646,348.25680981121013
10080,1128.916601496453
4694,277.3626148765605
2184,329.1682356199912
14020,705.5347644380319
8375,392.43454734041427
8654,193.02580728973632
7964,464.6511817722741
6148,777.3527210029243
9702,1001.0465056018812
451,493.89099619421035
2936,503.7386454685448
12767,511.82054241041146
13158,606.0261142763217
9962,237.29628998833618
2520,378.5937331497044
13813,197.88224471895666
8746,1063.4961907246889
5063,701.8001253510866
8118,370.4493202892496
1741,689.4895579584113
7031,219.50273032979044
2302,847.4117822160974
10666,499.0354963039598
2537,400.371756928236
1612,840.7554403243328
9602,264.7483461811969
7904,498.56657015591816
11648,614.0680366790951
5264,787.6863016877177
3942,1144.2359804241157
1476,1072.264418040688
2453,215.8488406741729
178,358.0234753848025
11497,353.042499052367
13095,1204.5871136153523
13750,415.1626426660215
12754,1674.6452828173326
458,307.16408173369194
1011,518.9944592244849
6153,510.827587387502
2479,511.58185638595864
3888,485.9699861087652
12833,130.7566919948791
64,688.5078599461012
3283,248.46467100926992
971,1147.1806346496053
6378,501.6089311017538
9037,781.3579509768665
9097,1071.4814682112649
13703,354.6547868882803
1248,720.8857051930939
6862,791.3049030927702
8181,455.4974069893973
7230,1279.4739223271642
11184,473.72350570678066
2026,312.8268329911396
380,960.3702981296968
3317,370.6412092506336
8389,267.16917465246786
7799,378.78222747206223
10475,382.5396051939007
8238,991.93555712058
4202,793.0848879939791
1023,386.77141353374174
8656,270.2113853503095
7307,469.4075228396302
1721,456.1177579789512
6555,883.1591821376463
11789,409.32922145753184
5124,556.305020878679
6843,587.710470186495
7718,732.1582267360292
6419,1038.2791150361775
3571,345.7637601350105
10203,390.71412451556665
11287,12.464181814982995
12398,379.54657726587754
11865,318.355963220116
9028,1040.1097823856335
9,958.324755766704
8728,280.8316052725282
5900,960.4951751424298
4192,640.846053631188
5007,135.31480776086414
10369,299.48696113304794
4983,809.7168015723416
7055,373.4006989000139
9312,301.1454979632213
6441,465.53871335577645
9533,267.08404975974616
11915,461.5058048551438
8184,276.1163579667742
7637,831.4412293813202
5863,836.4645571537161
6626,843.4583161439202
9705,356.3717788287984
8795,338.4504612287818
1767,326.9962406865067
10359,804.3382688014408
7959,368.4102390212505
2821,275.26818753571973
2343,346.03785385626605
8558,619.3575055566616
10373,292.0841688421489
3644,430.52341936758927
7629,323.2589956421141
3185,559.1126338520132
3680,389.9721456053932
2747,234.40436379232005
4348,338.31724660166736
8409,1399.0584104825607
7232,1011.6007011993372
737,457.2754258791786
11312,410.91350762670936
7678,628.6833397772133
8731,318.12228724289065
3990,1132.4601531455212
11059,928.188817065015
3352,667.4720796989507
2313,647.8629262772013
3852,879.1549623808966
4960,622.2706009292997
9673,213.4255104545924
1054,1050.288757688045
8170,448.31426281868755
10370,300.1217741435173
3070,1525.5579563420763
7301,443.8621205525425
8869,625.7448972421444
4430,564.6354595305814
3659,322.45104973303853
9021,160.19383356950033
9683,357.07088871082516
10994,1342.9411982502352
1035,295.22024044215044
6244,403.24021569391635
9416,289.88999333934237
8319,582.1071454605927
5838,412.054441301957
9186,373.28410628585084
12476,485.2301164213536
7309,434.89785424489264
10943,578.552830075377
9717,436.14625260079043
5911,407.2776198669099
13037,495.38495748759493
10846,245.49262274430876
2705,288.2612092290082
12697,650.7907990819816
9242,591.8330282145683
2610,308.9483336007232
11587,426.5537036831111
8413,367.3666262648044
10639,796.6622430701879
6736,1147.8936550490469
885,1079.640367851068
2070,432.8528350978923
2272,881.4684320685791
10006,512.6041617353757
11988,312.27342845986504
7827,1036.3168445295473
5041,445.9113214025122
11710,362.64299175343245
10504,1143.7632509107202
1965,378.44572186373824
10425,949.4163581911585
11893,1174.5362922581867
2020,804.7868633356329
6330,188.84520306164185
11352,619.6657265706615
7073,374.96130994306486
5175,351.98463640936797
3997,639.1582827581528
9153,632.6827627498101
2228,336.1319731062238
587,520.7265692826467
9177,338.9534067562668
6500,315.6085174483594
5381,601.9647509829607
5291,410.50250252493595
9394,205.76389517701176
4016,239.44873302933405
10163,608.0388359008376
1740,345.1615880825104
4773,577.6820387241457
9564,482.8597617081123
8519,820.8562020387199
7488,373.21907125493755
12234,296.904349915742
7869,506.68015688563617
7794,378.78222747206223
9932,386.26397469990195
2268,545.2403381408736
9067,413.53992866908015
12461,329.00661900351054
7667,540.8939857267521
10710,360.113919391881
2678,417.58659431378413
5573,533.7509211716464
10207,761.5380226430472
8909,518.1018021623132
6724,285.5377966509343
1122,355.25373549928895
12085,276.4108145813161
928,617.6769226522957
11675,603.5995167664744
12362,463.2176837944413
4027,237.08605225341717
2955,917.171851338256
812,430.5313237283297
1724,1123.0859766935728
11080,299.91947873360976
5460,211.65670490286166
48,685.4914117443896
9487,255.53456806595958
2407,423.86282200931083
12895,1185.5354625320256
10499,738.7067354854711
5934,501.2940947483594
4041,592.1680336057375
11713,726.7252361487785
11066,358.38236270563425
2088,714.925121332816
10655,384.9468193698114
1254,384.2342795716106
2271,434.06201086264105
7077,365.7312168807786
10726,394.6556086086101
5889,343.7608573365235
9250,392.551640345382
9849,256.2040233443691
9944,705.6491219886726
5370,1558.6491919912487
5380,1570.130670081402
11359,545.8134467822904
386,565.7784979806642
4963,311.2031173737506
8628,431.33590480872505
6698,278.0108485716733
4030,449.92012854129797
3435,385.30220577116387
9279,392.551640345382
3752,194.66661032059574
10219,349.56240750326214
8574,425.49246086050056
7146,343.5509283498743
6393,754.1125389993397
8127,317.18870236425744
1271,442.7406370775998
6952,543.8890526327514
8365,384.9475665405128
11342,1112.6914165940568
750,276.00331575451145
10960,864.7859138069382
9510,158.19782922330538
13356,408.897485185192
3207,432.0087520595441
3533,361.91849421282325
13948,285.8794482800069
5708,482.0443112165774
12477,685.8775542346729
8105,294.42358944096367
8982,815.6794226506789
3805,394.2556597110204
11974,893.0257727393711
10537,445.5351969429183
4349,568.9042804724087
7682,314.0270943174601
9387,179.31322150797106
10638,858.586002661975
2767,774.3720417700385
9171,293.83287614676624
11529,176.42362428305196
9187,424.73031158398777
5933,387.5811345792579
14002,393.1845040339666
1454,349.40630211699613
12995,626.8619731771405
3609,341.1306326241117
1226,589.1945360315691
534,502.4428381347019
3112,372.268127345318
13561,223.21635943668605
8742,930.3133366739349
9750,357.8916823933282
6129,956.0238291538127
9483,286.22314022522033
9054,1146.1111839477478
8086,533.1546179248841
10112,299.9993968019229
10558,384.2448025094377
2215,531.7673274369021
4660,547.5199125827362
13980,632.3480781722056
1140,412.7138839324721
13659,365.21280406107246
8471,854.0954779858008
474,431.53106031999783
7665,538.1325131283895
4075,303.6339072805134
543,838.7508292458311
7579,318.18485218118184
1087,319.5650108331419
10847,545.5223915821239
3222,587.6702341160573
8404,1282.4935194662892
4337,215.00459917258215
2665,694.5047064753065
7732,402.98325946338826
9612,922.5284316146715
8148,179.69663364199138
4113,333.48901957454785
8778,346.1945589512553
13524,331.51100396206806
1007,1056.6164043257736
12511,248.6741365791405
13952,324.74796326926935
8891,274.5811942652645
1386,749.9257889941366
6533,367.7849118136796
4149,229.27361334298092
6804,525.4843359069467
11210,922.9410978421774
8274,650.9820775030502
7825,1079.6159955803955
12267,536.6480719255014
13730,259.02005252858174
6351,904.1660073266904
11137,572.5681199318875
14066,860.9021501100651
7318,435.25276706663243
2190,239.83614506035093
13811,286.6092357135214
4247,651.1035669764135
12941,399.88816858499695
4516,1057.0008485018002
8128,276.6828850215134
4606,250.14285765546225
3612,317.1032879860757
5982,1120.3286526535946
1351,573.8357439108454
13487,386.08778953497773
13183,547.9714586877411
5529,997.1522478439983
13920,193.23710068591785
10882,529.2967586041409
5689,296.48435660039496
11470,297.67049216711587
11797,212.03994914524415
4507,266.38090731801236
1394,461.02703296938677
6741,342.3358742864909
389,1010.493051294441
3657,489.27581326750555
8664,396.30103417982286
13620,701.6280716685769
8020,405.85628340031815
1936,477.25018477470235
4665,276.62540415243603
4456,801.5929761447524
3782,1028.0490892768737
6721,605.7415723191916
7820,277.4700367197772
305,314.9508795859123
8803,1035.38343203648
13746,1579.306018139366
12032,224.29567176619742
312,583.3985963743215
13334,319.01636339334203
13748,414.4466718630064
2146,261.96044999744817
3234,617.8703391376956
358,359.6376394491106
606,312.8316368029667
13035,224.1449060045358
6139,431.0948050638412
13847,286.6092357135214
13936,366.23435568010626
477,282.9880007881464
9441,509.6576987735379
13868,465.9902818315524
4748,427.9062645517831
4339,617.8372439020063
14060,600.4241565439501
3502,1147.5852261701984
4897,775.7076975808114
6404,271.70133326259065
9555,515.0634712908227
7482,476.6083673195308
3998,687.6094675991721
10403,454.9635633051386
3945,514.0095504735267
8765,755.7660194143009
10039,349.4122397214747
3964,716.6164851797761
11807,947.791953708653
9314,758.8499395531219
4920,1207.3257620571314
5222,427.39407314477313
3194,427.6389907864776
7276,552.7695134600914
1745,824.2320508255776
1660,1138.6485505473213
12548,523.2022647917437
994,389.2684998708853
6885,420.27102106265204
4642,193.03790199082604
11599,438.0956624874461
13563,416.8449451342099
6024,1474.950114116555
8516,593.3457105256282
7656,605.0947367771414
10128,860.6518270980781
11206,394.53248534071827
4105,373.0384525952685
8979,1266.7299201334204
7707,402.98325946338826
249,499.4015274327906
8179,563.5284614555337
13450,478.06951058245284
12846,244.76114308221545
6238,359.0419707728576
697,613.467447414992
4047,1285.7630190392827
863,373.31815675043174
7268,368.9102815207925
10828,752.002516797349
2178,420.6299482895418
6177,165.24893060724048
7989,694.064478042391
1431,337.80832516204623
1321,451.45876423093176
9330,353.52547427674284
2443,307.32208723384093
11069,960.7080092049413
13039,306.4582318826428
519,396.2655563815017
3878,1015.4407904532751
71,1355.495284981421
7069,1072.8762988179217
10948,588.0385721797379
3624,495.0195846518772
6204,836.0668860099842
3434,556.2382260549483
12103,413.4827469848766
7262,636.9047291536598
4640,414.8646418054985
2663,317.5174691989483
7106,593.7133454978743
42,887.6377623310225
2656,960.341286702823
2612,364.3230159503605
5804,601.1646305092443
6088,540.6813219021068
5147,353.2754732411924
13272,447.55259653721043
1352,495.595493064129
2040,252.12351753211024
5565,471.8561392846288
7677,911.4295593994098
5383,1405.599170348871
2849,299.94704353687337
7208,453.47977204606997
1311,461.81882936553376
4107,208.16125681055433
10623,970.5678746028437
1483,842.168773541453
1656,322.19180356041727
1945,577.3014324934795
13945,276.2210109702329
5884,405.46060645778556
13461,1000.499026719195
5260,223.75313380990343
5126,852.8258323309577
11724,1280.6336665559638
12447,373.6673339869319
8969,234.23772652260823
1534,257.39123888024005
7626,451.73077233802513
11530,11.31603040271412
218,399.7611133972014
12371,257.08303885310943
3911,864.4268622558708
8798,935.5558593763593
3527,788.3913689079383
2629,356.82982519503156
7043,251.07811096721142
3670,425.66256096312867
12326,249.51083402473967
2596,356.82982519503156
6827,399.7448508080884
901,488.78348924620866
185,476.534107053761
3017,235.86715470892122
11221,465.239974360525
11791,388.9913743929351
12139,702.8048004824564
9620,328.16780693867963
11455,638.2421792881748
593,856.5789968125937
5702,667.0751428653157
12123,253.83252641314877
3903,1094.4562736610856
539,475.73829141703453
12584,672.7595186207145
9878,407.1699374049554
14042,12.196334946105681
11076,1003.5952548302428
11680,419.4478665177175
5554,383.73181899890653
5149,1184.70968940149
3773,252.80542223360789
395,598.0516221293542
6840,1446.1789280786502
7008,412.7261987749689
8407,1532.0797641849758
9415,429.72504469731126
7661,261.9577534801616
4338,995.043204317278
2158,469.86499267360927
5197,562.7501672614402
5668,1065.2396643659529
2426,1230.1382121338809
9100,245.8410240406252
10008,403.810479574413
8757,517.9731285425299
5351,482.3844222841026
6217,269.1883731153029
13684,681.5151921426382
2352,704.2845931894639
13875,245.68794782348257
8486,18.08724026005955
13534,495.6843574179896
4619,948.9941480127694
4901,702.5918540966095
10285,232.40664849991828
466,1088.7788810527773
10888,1818.6751024735033
114,456.64949651315203
4449,955.6486342862885
12948,627.8493920948209
4376,340.13816088349785
10246,927.3643168773539
10357,507.60146701276807
36,316.8004210276647
3661,521.4548069349204
12301,303.1048482182731
13157,562.0789148061987
4950,474.90417945630924
8720,360.9797380033018
2324,185.22106725378
2857,293.64387847560977
13106,1038.7124176417215
14017,1017.6282299102228
869,335.42564865355143
8758,232.15785594728357
2345,759.0655380324448
3943,1139.8134444841903
9344,557.8157157431775
5461,471.242661957392
7771,695.5934162920798
7984,229.88464498411759
6347,1035.8919507457958
11733,359.1496877793413
2949,287.3154787021143
3064,1230.3813771214645
2055,345.2392459145418
9698,553.108464039508
12011,297.98422875238566
13128,906.6624517713306
13908,255.89471167253708
6970,528.0185149364698
1373,428.7090194570054
2022,229.89389335734217
2367,358.31071507086256
6486,313.48973684542943
11837,410.05390424915765
5971,318.39260749073003
13604,381.70706406917145
12066,570.0710221824332
6511,266.955993701612
9621,386.94516281874763
13592,559.4451448651143
11922,781.0398654002929
11931,659.2952978140925
11228,324.9459762050959
12156,1641.9819448202636
10492,273.12897628395854
11860,313.3975896441114
5717,413.7345671029532
1624,464.7668481274109
10946,554.8846598651759
10331,453.268003948346
7392,1025.0579589029278
7368,280.55333402463765
10782,1413.0576992319989
1702,217.36174872867494
4873,590.7743009781807
7285,946.4564295934332
2616,962.6818512625939
10910,533.2342278532602
6642,473.15164370721095
13782,391.1168986450847
1027,362.86559735114497
1684,339.2921025470414
9211,291.5383868258378
4707,425.8567642809752
10052,445.16684011827357
10602,427.5790778178439
9614,973.7044520679324
7673,810.8987541175492
8870,372.9292718484173
1003,801.1773400812106
9472,874.506074140595
9231,635.9522870815663
13096,457.41801088755074
11657,427.2936777558021
8411,1154.7883460741452
1218,441.6207498203147
4036,892.2774364618351
5647,1781.6766610290163
8002,1612.0086939372404
3211,414.83280206510534
168,448.4275495359037
4058,1083.360850396357
13442,264.37591042928466
7533,250.22646660326535
12252,447.9219849560086
8608,303.0798520351637
4696,468.5456049325068
6390,394.7975979391913
13777,606.7633993424282
4340,1149.5099321924868
7796,320.14936897526485
2859,697.4899940282828
12119,305.51394570840284
8510,1099.7649844587907
6651,784.5232223276687
2532,1001.8917370054635
9845,408.2637553697323
4863,1497.9259481969955
5404,336.28982943254476
3882,416.01653042210836
11282,197.56444853283054
3488,321.55613219482956
3387,290.0614220326705
3756,437.9344521253258
10262,722.4672490820844
2895,436.6525819365457
1200,2651.1784776863155
11110,287.8850971578997
248,368.53757634855236
6128,427.7935495122367
4302,606.4968759009821
7900,264.81438455676135
5513,197.93459534387154
13881,436.37573433640637
512,987.00787127442
2877,420.51628405453124
8741,253.02407066666558
6180,813.750874095823
13269,306.65541245979693
13695,495.2517856176615
8910,743.0607906571447
1808,1004.8203969600982
12661,435.08132448251024
10467,257.413941063705
4129,354.8501286107543
8224,474.782781334797
6655,447.35954100064447
4852,455.81169097203735
11168,342.75813917861893
136,316.8004210276647
432,246.8251874042231
4099,319.7622009249498
3669,400.17881964048723
13843,411.6238490823918
13882,342.22818525812227
2799,475.29681761809786
9841,796.1846018121295
4418,420.28597105431624
4966,518.3323611962026
8130,369.2213480761741
7592,523.5143690535065
4992,645.7905788758741
11256,14.669973618050149
6701,2110.4944642521887
5225,495.7923541027608
5768,542.5563278771772
3577,270.499082954522
3147,307.235271178995
7203,438.7661276581705
9859,425.065588374735
5285,566.8212462887633
8204,415.9269579832396
13049,409.0456591657301
5307,654.3561831722583
4094,304.2836900381222
5226,655.3146349599061
2456,442.21167337773505
13637,494.3274349862931
2860,1133.8552339963608
1587,360.88533254459975
9105,734.93942379817
7943,215.58570564636614
6593,585.0210536154202
6483,329.79305305242787
12778,316.68672188894334
938,571.6735803930752
2597,350.60966634354446
834,649.1368177071196
7022,1453.959986994114
6399,361.5230496512522
9082,450.6684816745977
873,309.8555712787147
12437,437.50246208627976
5407,351.47222374089677
9402,727.9738212617707
1176,1025.5574133338118
10781,678.8569685577961
13000,401.2593480475348
4238,388.8850220613981
2677,1503.4069862859626
5457,245.86572335738936
6114,406.83119773306805
1084,543.2373208187687
11636,313.90137169800124
1685,359.261335859605
11844,418.29944190745715
4794,1543.34677034295
5932,634.7616568553485
412,336.3296411003354
1198,925.6648363644016
1484,962.1903977608492
13276,311.2568734753331
7448,368.18382860499275
1369,709.3222068707753
12196,258.7319547977477
7239,401.02847101738064
6631,414.2564272409054
721,420.22873785956307
6909,440.9497377441079
9144,598.1013913789659
1434,292.85104671792783
12253,1245.5440474790742
9469,1667.5949431859176
5791,370.3116361851258
4388,560.1117729662068
13017,642.3504445936902
2474,355.1835543785631
9856,23.19483903383429
12665,448.22372277008753
9364,145.38687656738102
2702,235.98914770653334
300,340.8463562249576
8426,264.702081485966
10615,255.3665952165883
7380,1232.0117239950198
4124,512.4360960438074
13825,1233.8858920323619
10346,265.5428890109774
12848,312.16443896004256
1399,630.8284245964622
12604,629.9863862155272
3215,466.019899573444
2418,287.6411433967626
5937,331.47945493675036
11409,298.2541308518772
6214,224.4157320866666
5382,215.16355795275928
13679,1270.7151149416202
4309,296.99909389985004
1374,135.31480776086414
5247,327.72979485649654
1191,356.9863980913222
6434,1130.9139686568399
10657,1027.2857115287661
120,486.6156942925999
4609,735.1433509311986
9691,882.1392357989356
8078,127.10914710179658
5262,1043.3237253783961
11806,527.815408339609
11117,233.34658348970268
12859,291.5739179090241
10514,410.37748606888755
7600,674.7275954996161
9799,427.92440821448054
13153,593.71448381875
658,534.6290349836479
124,1013.0983529594149
7965,1522.9844684507068
3335,504.0348585136858
9975,390.01998433410944
13294,461.95728322649904
13949,499.7813903537243
11571,448.51275702680834
11232,736.476220156304
3450,554.9116670087021
10319,611.3240230131769
8026,314.20811988303444
1327,698.3581217297198
705,494.81071188430917
13505,235.27867878651244
9645,351.76958854521945
11413,268.7152612800363
12322,302.7302669602575
7691,1507.5677511444594
10595,480.1702437019116
2168,1116.1976641074243
151,513.8191753081585
9725,1063.3153414757771
8652,782.5630646417119
3979,448.2430561964967
7061,244.33179966494222
8621,434.28856420141165
6823,505.40358138395885
6551,1232.4542519245688
9895,293.0856886519099
4227,754.8105780971788
9114,322.9030293725313
12838,346.1995936791255
7325,512.4812261010603
12585,337.8501355166042
9393,279.7666858306748
4833,298.70371901798075
12241,1064.2617653889067
1731,1332.002440059639
3835,755.5966305291037
5569,476.85193272705817
2513,426.5380973730234
9630,336.621321785547
3308,299.82114567412196
10975,392.4683662716688
13054,241.23917152140083
1714,535.4301640132957
9316,500.8117970193444
2255,343.61462219777104
8049,284.15919264641195
2100,314.24346041206223
3022,876.3941497854818
2123,706.2319024726929
11336,20.270696707032208
6742,269.17923401282115
4636,784.6533863399536
9280,277.149806832164
13815,476.2998316257185
8845,421.5651520009765
34,958.324755766704
4683,801.9944377927218
13417,429.76347504731615
10389,488.27924952474706
3044,426.3631751053586
4851,689.4474063644801
13071,1095.3104241011301
11967,263.1720325592819
4715,1557.7640764284445
13728,289.5974756538868
926,340.02050318487113
7894,489.9786188669448
5118,499.04057989414514
909,269.04332816366485
9563,296.84445424312236
8425,404.4266863441091
8012,474.13561945182215
12360,321.34420920124984
10448,376.75881496522584
7587,262.0079299939896
9682,868.2552391178102
8262,395.7514165992743
6926,664.5406220369384
9977,387.52652544275986
8065,431.0631888300669
2472,597.5726435632138
5997,388.86211908565934
765,480.14998293201046
3947,282.58990530444504
9894,255.04647655242223
1086,560.807841970277
7802,526.0184729145029
12335,1487.5914671424944
7338,739.5948114610458
10965,623.7261489727305
10591,505.69156367963063
979,326.2603814302028
10273,2477.714511229155
11467,287.2313416707172
5845,702.5033342768087
2630,350.60966634354446
51,1013.0983529594149
9146,472.36414838859014
7500,462.3729295168284
8881,271.9518165093478
4537,915.1411474136858
7200,230.62571054186583
9055,375.71101431832324
4330,383.68372228418525
8824,490.8003476348734
1409,368.83046401513474
4514,218.7445821062949
13539,219.5598732500052
9846,1057.9910205574947
10418,459.3270375194948
6516,381.91853981908844
2901,302.28340834325917
2216,264.702081485966
3106,785.144947435216
10833,399.85971826718304
10009,207.70014586878534
3438,639.2679124424571
6254,1164.5915360586423
5961,738.1406792312133
5613,567.2635497355894
6978,356.31126577363864
8830,493.53697814055334
5897,346.9967856736875
4106,357.3169530521775
7582,282.435159838354
1600,388.0666719075694
397,275.8641809927848
6406,896.3009751465015
11466,330.79163598385776
5501,220.578782373515
4396,564.8895316663012
12889,337.2883266921948
2639,699.894472527923
11985,415.6727886623133
7319,473.4224132737069
13046,249.8285443902618
931,112.95041598038706
4739,481.9583395739639
8060,570.4498117634535
818,651.9916814390542
435,1663.6940568540563
2803,790.961452705612
1036,656.7336923348194
6127,342.7309772664173
7874,614.8949484794163
6791,222.63001285241657
201,554.0573197935918
6959,349.45414357330054
7854,431.0414364634145
12164,537.1566506030798
12397,446.27948642007334
8601,1226.9278042003564
252,320.92506337172244
612,464.4756046001016
5712,419.263469424873
1513,704.7599483361937
11917,994.144424705685
9412,456.21909159174197
6287,931.7343839634498
5319,1950.7573544653947
11216,1036.692939534165
2627,884.7474954943962
3449,250.90883182843024
3814,326.1031922188046
150,334.81089930037206
10173,335.5537928311919
3412,45.570496515755146
13676,324.7430868394977
8898,1484.8928754514131
1749,346.9581980525488
2010,356.98330858847254
4112,1055.844399880654
8903,756.8224886488749
8835,454.4300878257027
1403,555.4384700113537
3560,453.84186409140585
8250,474.5434416572545
764,963.6512168792394
1912,366.3180970267096
12144,535.3039363847375
7604,366.8667229117136
7559,466.79377236655625
4692,537.6732358226178
9553,651.7883592535378
4811,395.3132857687768
2233,1069.0440751968176
7765,245.5544567014434
4835,190.30748264055217
1651,556.9660567369873
9404,438.70757919126345
5715,471.1781922575221
4193,538.9038277997129
2096,432.35813047755425
6696,369.89860495762116
14104,327.11944544189726
9379,394.86455073593834
11690,718.4148463088163
12336,122.82443914434862
84,244.13507548240509
9707,486.92336124977396
4937,666.0841346914912
6195,378.9308787093307
8704,261.6241663683385
6537,170.7274373857818
12818,703.0209957391452
12473,1809.1506078986845
12906,393.4106473857815
4527,709.6637576663554
2885,347.0671337848663
3205,617.3801127770193
430,182.18930501415412
8938,755.5670264544424
9941,773.6832617416492
7284,859.2608597261955
13666,712.3048421367465
4216,310.51466728096204
3509,269.8421782600176
3885,303.9747661795831
12467,782.8571207934589
3520,570.9753156277169
8846,491.38710881989016
9568,652.1188534788464
10932,268.5784796903624
294,768.7829001450464
2449,331.4427345439602
13375,365.70866799766515
10743,405.6016733687074
3195,918.0043244017854
8817,1137.6738858791484
638,509.7134548893543
3703,542.818934448023
654,405.9001090438294
2761,993.0487502443892
7443,648.6555587042836
12035,808.3648387815086
5338,362.85020402698126
14057,619.3829468057869
6428,1388.3191507364056
3116,496.25350804550953
13113,467.55474142456325
6012,580.353041471909
7754,296.0145014037241
13502,381.68123521031083
1954,1055.0477797537626
12188,285.1615870752528
11155,421.18343167563773
480,594.4455191638441
3088,487.93077978057596
13410,1020.1845583774334
7666,588.733401902655
3579,685.664809748662
104,661.0505275728659
14026,526.0717898803649
1158,377.51349652437676
5287,451.9904194617581
3564,1146.9066823644803
1384,462.5669312380222
10929,1245.961223179103
3448,241.05215249034117
4415,347.83532773942875
9246,430.9821865997616
12566,999.0718953030512
9744,1384.939883395134
648,829.1606318053059
10719,18.116613715476845
13857,405.3311670264687
9713,249.21977993787155
8917,387.65487843198713
6308,361.6572741224122
1458,612.4037014433319
11028,597.3543166655408
10363,424.39991257947776
7882,402.98325946338826
7829,1015.8540097097011
6951,613.3175306664638
12522,329.7459991420426
7464,581.6015801005849
5364,416.88405322325616
11456,1456.6673252014284
5412,349.46968430068677
5362,1572.2892723593638
9222,264.5738782919442
11884,275.6019182130736
544,465.49700983881456
4097,333.74125045238816
6558,241.26688406823396
3887,232.13201279953205
4784,849.5875883727889
5108,362.85020402698126
9545,377.30631700269237
13942,351.2940173427378
6851,568.3581088250949
5313,1565.835738983206
11165,221.8880287667738
2134,998.0842632352865
10001,411.098557025837
4421,1321.6887632654057
742,559.4394219197208
12427,342.7457709895512
10863,480.2780294633069
16,676.1594156389301
9956,565.0196599652568
7855,599.843193344014
5938,177.32079312057328
7594,786.5417138487189
9747,414.963531827462
4650,493.17387986064546
11390,924.3542421321025
13931,343.9247411476938
2797,278.25879756760526
9339,273.0372591295628
3725,398.09878438003176
4641,782.1002309707047
9261,483.3890018432918
715,497.5779398478403
12034,361.39154143210584
9699,391.8616676807817
2526,598.0796514657762
5077,417.870325717136
10611,348.53275217762655
3315,541.2994952248686
3373,450.3451628675371
10911,1478.917387532899
2865,338.680021357557
2488,424.5509312112897
4246,1506.6099573685003
8963,923.5617810187456
4451,685.9890016800599
840,787.2051112863874
2699,331.89781462050894
11896,513.38842967842
10185,1403.3499543751832
8737,332.2420549197332
4128,1068.8549504106113
6932,315.8725568806308
3699,323.42795754793605
2471,396.33189150729214
2772,411.7380276962133
7458,391.4493535050254
12142,265.40419061237304
745,201.22994479933294
9354,239.76974113103964
5515,909.1140924434263
933,372.42281682136667
1143,287.2854339058808
11796,374.06555250357184
6880,402.9102503940257
12265,1017.8850530209332
6888,278.7839321422747
2486,354.9791338398105
7052,1234.2055808044909
6074,736.6161125040052
13716,250.0210890746498
8966,677.825006651486
4150,659.3953174470539
8511,574.2049516607616
8642,382.7204666692768
10131,433.5999209453808
4520,274.89106932476034
6282,1567.1056800570325
13047,537.4241978630379
11575,713.5487700145391
531,469.7621909184687
9724,1036.8264371749474
5850,273.85274350490533
7601,674.7275954996161
9414,896.1801410417427
12688,1016.007515960202
7485,624.1606217361939
7182,449.2330654671427
9515,385.3602973605085
4973,227.696230403214
9897,805.7209143140352
5904,500.83393784029346
8370,330.76560909973364
5441,445.03402375217684
12455,750.603618246806
6670,376.48861044310047
13835,386.9375417459775
7723,619.1379227796358
8061,256.66706629139713
2555,404.4739602317602
4116,526.7402378871584
1298,558.4891062134695
6459,441.2921194664307
13930,160.8382569028638
2185,398.59588595291785
2129,968.7018712936201
7657,442.2898897528894
10991,462.61350141649706
896,746.4076456566529
7937,269.5186556916238
2985,877.3378240055099
11809,1010.8925197068269
13826,224.9274649068314
829,319.0336058480795
8374,1054.647593253254
5484,594.7696573291031
1227,778.3137073692812
6212,216.36494474985227
7308,490.89930562914424
7444,429.0659955906203
6149,364.862866480596
6811,382.0192681668225
10670,1218.115923126997
3823,736.9846230512514
13508,411.1609958999436
4732,689.3359345831021
536,468.79609156810056
2914,305.8804247290649
4103,323.21196401600224
6992,2299.6992290086414
9911,419.3753000788003
4563,446.0776097633994
7615,535.4507681216134
8693,349.77226391101897
12868,423.8881420064929
9624,433.6364822072565
9925,469.4830922405463
8207,182.05960811942865
3636,393.72957701331353
1179,525.3267158754388
9413,554.7771012766203
9812,567.6046527287718
6085,645.7648300395613
6995,315.58091935255027
6261,1726.3343192321993
10187,507.9203770812873
2679,434.75139979081393
12930,290.2696318824985
11823,270.4419514014096
1044,562.1920961545906
6826,357.02177068886834
10216,738.3453941712203
3372,632.9579424202302
374,438.84556443848436
11351,512.3019293068767
7316,284.2996709838176
10984,912.6806804264007
8964,372.1515111967521
13492,227.17109072033676
2151,296.57756150828203
3462,239.43564641955476
9835,739.8330901008665
5858,377.3137240737122
3129,826.0419934661995
8639,232.80832913343068
6608,496.32923205200007
1492,352.16987052920473
11932,815.0719791057468
12858,675.5790406889604
9007,1072.5815066062478
20,486.6156942925999
8234,343.08109323715655
7748,892.0090048396072
5682,317.24023423381004
3252,826.4482321037626
4437,861.038895604266
12165,950.8361344834072
4615,265.50422018711646
7521,309.0533145301433
12904,1127.928948304914
186,510.7998760753744
13934,343.9247411476938
3296,1452.8410946741365
2391,513.7539566039437
8769,969.9763344496411
8405,999.3154454255326
8401,243.54511056568612
10727,591.673822925801
5157,325.1444405420281
10497,196.65683721073663
2358,248.2812649481774
5564,300.4978398100133
9076,1082.2743125380634
2992,350.30138999791916
7785,1019.9856944387961
11242,441.20013413438886
4194,692.223369425093
1985,1065.5144237637837
1471,266.5212590985106
5822,447.21753990694003
5949,528.1527808437249
12006,1027.7270503301809
11033,840.7564519729782
8872,617.2948219660279
12998,328.0060202041087
2716,417.1433945447485
5538,301.53586139715566
11070,574.4033532727013
4829,585.2389650965963
10036,400.13359555944595
10330,11.475936888395449
10723,1029.59707938575
11122,708.1537956776803
13466,693.2570568546507
8482,12.937130201732566
14050,373.85485493010384
8132,369.7961694905713
1237,458.02851405320723
5325,351.126908844905
8050,195.44936440223506
8084,459.45645264207786
4203,1100.171485683344
2320,1148.3951587653298
677,21.5960092999824
3291,804.0453938479793
5166,777.0890866768873
4741,460.90152160704326
8145,15.91689406785302
922,354.82020176564106
12474,342.097375834402
1183,1095.8470416477128
13560,397.6508991059054
12816,594.4613083244375
3018,992.3790231473932
222,979.1215127612446
559,809.9131263921864
1328,357.6327897466465
9980,406.0111783165644
4404,926.2228842707902
3108,1123.1184621738578
9451,382.7536495130323
13905,205.12441539808307
10708,380.6751968897678
2021,508.2236017746017
10421,420.2003558487285
7518,505.6615885150399
11899,366.81517926588816
13048,350.4326066198798
334,975.2804616709456
6206,308.38949754359015
12069,688.6655058138917
6209,1233.1887335146064
5959,618.3430503837358
851,455.0903647752359
5720,487.9061361105462
2792,500.59092472439454
12122,271.5073017621411
4085,304.45586850381324
8629,466.69144900414705
2335,681.9296747064632
4490,368.16066220794505
9352,580.3665641418805
10775,735.9337353126813
11755,363.29897159344165
10437,275.1223740007784
1666,485.0476568784501
12061,762.4612462928634
8072,373.1393671212716
3547,635.1892479711769
3976,475.11351672705007
9643,264.8383323460356
9736,1063.3153414757771
13731,267.9567852537398
725,733.5993869457576
12446,273.888036586943
8615,603.1788275131333
4399,412.80058424343434
12750,270.3044204955459
13981,574.4225482448348
12408,664.6376178120553
10789,570.6237734148657
8659,257.5781629497531
3839,605.9731089006353
4296,664.4548195291035
3821,1055.8176994328248
448,860.2481433710358
7809,1021.3573842834663
1792,1526.267773011132
9069,345.98516793759023
6158,420.74002428331124
9598,182.0126270529436
4326,340.1277630624799
3170,640.8644740508571
10807,494.9350281933927
7250,562.8460431594284
7992,403.70636576442666
10503,1575.1305025255149
4979,313.5093432838937
945,1078.1252966664993
8721,567.0807567910413
10293,276.18510224041427
1548,282.60023685595013
684,261.9951089647078
3985,467.46965516571197
10722,845.2481599342216
7094,615.568405310699
876,776.151053003527
6998,1023.9628230769019
8529,325.88972375102236
9967,431.7155479498626
8168,717.7694303746671
12472,301.1611932264435
1316,382.4382217906114
1881,1314.9136976522082
11051,245.29919971746386
2003,892.3365135707783
7709,402.98325946338826
4951,558.0453518332057
6887,765.6468063664059
3430,440.64150694009624
9086,396.639401012385
915,259.76782859268627
8286,654.8268884785435
10646,941.266464382355
4686,499.2782671243022
10780,949.6787052588339
3099,1930.0968000589125
3652,455.4228381121022
7913,290.4144525270298
7135,412.37397587507917
8063,333.46544400113584
7075,541.9583351804616
13714,592.5864676381925
4787,192.08061103300025
9968,623.4629586385068
10392,292.69875304638975
5246,1206.7567551766504
13228,395.6167185916619
1627,356.66755714855
12414,429.6259869221881
2586,334.6591686994827
2413,235.38596068599156
1238,488.0983990408032
9934,271.5093532674042
6735,652.5465666093169
102,1114.0805791557902
2681,435.2410092092399
1622,569.3015052022272
3426,297.64154911674314
12284,319.84744353886344
3860,345.62327457733846
8166,255.13796967834864
10906,984.0305113496581
1356,330.2508843576616
980,343.93068012945577
9748,318.6896029416942
5684,545.9813804455183
12752,214.79157866949728
14027,907.470083648063
3818,1184.5937077204944
1489,283.637320754898
13907,419.3847456255584
1098,1017.7169634209127
4171,346.8325778850529
1019,412.66747781156437
1154,1289.1455453180652
908,390.07136752347117
12696,1000.3034137067337
7306,489.0245673944918
1706,342.623912302526
1324,351.0519823675758
12359,461.8076269641461
12587,496.94138833103574
4756,390.2251030670394
5968,588.3386872543341
8564,575.9273619094619
4095,428.40749454456227
8036,238.5435480413893
7560,507.8391352443473
4126,557.9035269782813
8108,939.9992526050539
8032,730.0138413930612
10364,388.59424345171675
7093,318.3265285846073
9034,1103.7804103813241
11553,360.46858308683
4131,466.9970560832351
13477,331.1376009463625
13734,842.0211198090734
1509,564.4224025986791
11829,349.4872732008126
8714,234.20645751763482
10649,451.85228200688204
5435,957.6302153314136
4239,329.2198015338328
1603,934.712842832077
322,293.19638986136073
8125,206.46803783532124
5666,1138.2378044463692
4802,1030.2750688520168
12643,928.1198402358198
8700,314.7708873393367
6704,1160.6967482053747
10010,216.5978977694381
5422,577.1188964716733
4693,426.0861239357845
11238,230.26142819647498
5749,466.69042984805475
264,740.6488407060631
14091,847.5133318878218
3464,231.90583514720765
9376,119.25470573225273
7221,450.9555691914438
12365,362.0121869309253
3470,746.9882978207255
13115,457.91730255186087
5991,764.9075806292559
13484,466.71617316384004
4455,501.8245569310269
11111,411.0926963674474
5272,993.2071095369319
10773,505.0913602093895
13850,347.9694374827049
9241,1173.230279845867
9809,197.65092138470504
13768,1079.8491616763936
9196,358.4709618787693
9594,1248.1055206803876
6358,1519.878758421264
13191,568.5903401639713
8293,318.8638312262176
8522,434.57626588902036
7564,1409.5068310845102
2445,308.29836268113644
8944,348.77319528221926
3329,899.9091702657767
7891,1317.532366729734
11053,611.554703640246
12564,449.02119600271175
3423,413.8778452955927
11174,586.3751970462711
7747,1088.5875979209225
7342,368.23704037537027
6884,798.195123579363
968,180.80750060492875
1946,283.908096375523
4915,729.2687342020125
3289,1567.5787598648558
96,394.4879542742786
10651,394.1289181645556
5665,1301.796574257274
8369,247.3060635219258
220,353.9861560222742
3132,1024.6792145750703
60,1220.1055361499346
13197,383.7359786888889
9432,256.66769966493234
12518,421.2100545648322
10485,676.8656262187232
6190,354.20870931706764
462,507.9324430146105
4769,733.3375801980965
3795,215.177108832806
11492,572.3207583483718
5596,604.1019494147024
8115,296.58618069498846
10326,12.560733234528163
9474,500.66213894908657
6968,845.4856476441723
399,465.02362821274625
13583,321.0025319073673
12458,419.1605690310276
6106,1196.0375838083833
4722,730.4709195827385
11660,253.88864401124184
10581,790.8404426464366
13979,441.2483678486668
2309,352.10276375028644
9965,492.27689541463764
10060,339.7371124042298
6632,954.4919456517677
331,638.82051879766
1787,489.35502211486
813,328.2771840637367
1979,738.4006518255916
11321,620.637276783506
614,291.07307282432396
1283,602.8017191102291
8290,529.5505876970091
9005,2171.7490250615397
2615,318.5934494981749
8258,318.4772777462117
3799,621.5092949286177
11804,199.41152526264133
6753,305.66884585023354
13743,227.85344003817485
10456,553.9012755849637
13181,356.39338679578225
2406,889.5314669934721
10577,401.6063049379986
3910,885.862709304844
3707,606.7242719092909
7050,397.8305939323082
2030,337.484845392541
13186,192.58167477397603
6334,930.4115032676178
6878,566.6809201520027
10105,533.3137277269371
6868,304.12181872759464
9782,504.3071801817703
6936,708.7957583625536
8399,309.06333930246194
6562,303.0285086555302
5035,434.143380032901
9210,306.5398623935504
9537,423.4005111103952
6577,1138.4015133884568
2752,535.3102374294497
8542,717.7557713626468
3801,351.59109875972206
3060,372.88533902401684
11663,269.50117634360276
7460,749.1245327274113
1732,350.9763844967357
3541,471.8293413199063
12205,344.1659449113707
8992,411.74025532604605
1167,902.6478936823137
1452,405.5733135948735
7589,856.1377199035627
4251,1298.5308741827662
9781,633.0474713789732
3080,352.7349784377087
13163,397.22801055814165
1944,424.2074546039348
3121,539.6179776305391
5509,471.88920243067986
13509,869.2336847716384
1348,639.1735476225721
7585,408.38441790471734
6661,346.83065383036
9629,734.3604840253931
1209,718.8628950131514
4922,379.8021416845956
425,267.32114847990385
555,385.367458767518
1955,830.311925345562
9298,386.5751724471742
8710,188.49322863606088
8937,343.60086587898616
4717,579.2130756205979
8362,1162.5179829338206
11073,568.0504038517626
13792,1380.3397665894056
5478,1121.5997910909798
12233,438.97567264800085
5454,416.9324179886254
13373,375.11527978446765
10243,372.10086303747596
6949,543.8890526327514
6453,334.9795662734474
574,965.8823752407981
9628,1389.6798948549094
13790,795.9167344440815
3091,518.2227993492662
5744,380.24947392024023
11634,252.9945773411884
2421,924.0980745212697
7792,386.4213460527564
69,480.16902150464284
2349,374.36771408536185
2376,212.94811079560307
8813,340.7159889909373
2617,374.82773936147544
12888,337.2883266921948
1596,231.05669249902607
4903,352.96313943820576
7653,564.6141646335303
10242,1063.0874993421903
12701,334.1977727657491
7249,338.31262688848943
246,129.0846095657268
3071,905.6489866225593
3016,1015.4137684656567
2900,210.18426970234088
4004,517.3832953329381
4919,370.6539509439681
13189,412.9658186320517
674,393.50649591856
4731,616.1166184308985
4871,1207.2175416365048
5020,185.18396011313715
9259,386.94964852417513
3861,1507.4014994853617
13690,337.11850906685464
8918,376.458335618307
13865,306.2772666298218
2478,626.9644316206277
3949,197.03114282354636
8493,408.78025212555343
8525,914.3016896686745
5951,951.0260852197292
2037,405.1214439716904
11188,415.92955582784094
12953,168.1040742158297
10451,352.6268625508294
13374,341.87593746274723
1428,410.62669685872436
2808,335.10371742586176
8484,615.6012467521084
6671,440.46845295448463
4949,731.3222718970371
1414,368.5466807587162
115,542.4722520576695
13574,1083.0466389115763
13537,483.7017663634037
231,341.6165988999023
9738,1178.2371978927001
10597,526.7382175066723
4157,757.4660837585789
1521,421.32807377663994
8455,448.240725980473
215,510.7998760753744
5610,668.7628387546332
9350,437.0397627254667
3257,534.6529258021891
9194,1027.6261046890606
6437,304.0554914005662
2183,166.6481197627382
4329,340.1277630624799
13662,519.0833044418233
2806,1267.679445560701
5643,896.846390090094
8858,1233.932330566722
2969,273.0607571607737
8541,801.4769419877342
6197,377.6654575412669
6084,406.49314924531194
6828,430.60790563891555
8116,472.41955101616367
13076,1006.1458449254828
9635,206.28379366419807
9226,404.3266292407599
1499,609.9933588750633
5849,343.26508125857384
8954,474.83807736153875
3493,217.62036188114214
3442,878.6264080937933
7039,418.19620523946804
12538,473.9271672811754
2056,347.5572280189978
10778,791.5757615637363
2059,346.9581980525488
13753,336.86048582821076
10165,375.3991444915548
12966,314.9783698707265
13888,277.615259333418
3693,306.3631580763574
8879,747.7900577118312
12614,481.87297257355016
8702,741.674860522751
484,574.286715618265
6293,1352.1453038188697
6216,197.4202035682077
4408,535.4260360642071
7736,351.26606535017584
8747,552.4953080211983
11423,383.93654698468265
8573,934.112111592733
4210,370.3416817442297
13437,926.6031032213012
3475,830.5855700151697
5690,473.224649286428
3188,400.4394602511544
5268,842.9539594493435
6111,1056.8252233922585
12766,646.7201565632815
6578,276.9385251086575
4718,719.477593627334
9936,338.66400716464005
11799,653.2349532323421
4360,1030.6840313242828
1415,331.45513861939213
500,764.1842746169717
669,1013.5118560840483
7725,402.98325946338826
12415,516.7384057638706
12106,647.2320459914193
3489,260.53113174759017
304,566.242532502034
5837,593.9180463520823
1704,281.06605458979527
5023,683.1479547316288
5823,684.7658930803844
11687,489.9528199915594
7114,507.60928579156604
8532,331.029965917425
10891,333.88206434871626
8524,953.2065361636828
5279,391.5057344387753
11782,27.723792600636248
5129,577.8100085708777
4603,964.9264810497377
13118,1505.8579492103986
12901,691.1498072887101
5196,389.8411759741077
10299,1159.16563423048
9486,419.3175635510839
2454,264.79064419668094
8777,402.58272831839855
1069,368.16066220794505
13542,1289.5547253683014
10913,1070.0738247030574
9267,375.378369800363
554,488.91139955545725
4352,208.25948892852196
13159,359.1692585418806
13369,178.63375834990163
6163,339.87903295979555
6001,218.4506150721438
13330,240.24435313378478
7234,301.6922096303173
13538,1180.559525437338
12286,255.6856505799972
12364,357.66943729947025
9271,435.4160120167531
13040,344.1217606894023
421,655.946189901262
13916,354.947285620766
9559,1001.4771515824041
13786,501.1378614237354
1497,371.7680266247038
1048,718.2628321212823
10941,445.1902932773904
8216,402.34853864121186
857,428.87985640748605
10267,444.4848823330574
3483,454.089170886206
13533,241.8897213249862
10491,240.5536371502724
9919,402.1187084834874
10624,196.27260420805015
4955,471.1925318693656
6867,887.7819630009363
5853,1505.2149980904337
10171,1348.8654944133837
821,667.8019735095457
1644,840.7554403243328
12099,716.8206485789896
4217,571.5207795622161
108,638.0269274694366
368,518.1872316637837
8442,415.8390354196748
8138,563.9764702980107
730,1101.8636407975557
8268,1166.955571831766
11602,473.3273838889282
5598,484.76240087835384
7503,1118.0430397455168
2389,607.4653580738899
5227,696.6087686775076
10432,274.16641059499955
7753,588.1073434524078
7066,218.36020132744144
9905,392.4399521595314
511,262.1360459820444
701,395.3865769713579
13738,360.04866800382416
10484,14.126650264187889
10644,615.5404115548655
1278,528.8552825533708
3734,521.6539909073024
4817,708.5200465358483
40,542.4722520576695
1892,478.5732496126237
8763,840.2894889473603
4257,845.4688616001596
13562,368.07875928026056
3316,363.2903086316141
2508,338.680021357557
13644,302.9510080613414
7599,445.27436460638535
1304,796.5187640484842
3102,259.6369177369671
13009,210.8413873602622
347,590.2772698867736
7378,1050.897734443948
11903,607.9261572493838
475,355.73399855608824
12853,522.7961245223395
5872,947.842021652363
12407,380.70421687418616
4448,365.9468798910673
10042,266.0126018914675
323,358.8549604515889
4661,1319.9610868213454
12910,405.8000429360003
7640,607.8015289898406
13229,393.18942674671297
2817,580.9331649208741
4366,418.8147320352373
972,583.6412546998059
13321,497.79689971068274
3405,1135.4144636689373
11661,461.5467677734762
8485,29.265794779787928
11655,304.60208412696574
12551,443.58931561066487
6062,768.7209747609296
1202,575.4138849865352
7269,546.4675454041092
9958,352.243043816189
37,227.32770667115773
8953,710.0978815941078
12851,539.2460967442204
13732,308.457485465088
5909,464.9159272814065
9571,234.37869908607493
4561,1036.258066302438
5710,188.86904798592275
4101,214.42541115590362
12100,369.38702707121945
11520,363.62611817859016
1289,337.7483140937047
13707,256.653653111892
2401,815.2563751248941
13649,443.5826303891844
6000,161.02188172753898
12497,623.9591854391117
1747,462.8975464552776
11234,1116.2070106231486
3853,1293.7055220878751
4076,349.364863445958
5887,495.7348869794709
12671,515.6612081248986
9307,366.5275869174522
11217,272.53819853334994
13268,380.5440757525524
7335,853.2283130817359
6331,222.6422580735847
211,156.3059120311732
1951,473.8736854950205
11191,987.3750419264742
652,374.93609933751134
2207,295.19721184684505
1397,500.38969480672984
9797,281.708490582465
4815,402.09572682273193
13901,367.87923434524276
1671,830.820972570387
2321,539.801391881376
1953,680.7368302578703
3367,292.65169198441373
6622,682.1039406556212
13741,212.07262768178035
10024,346.3669498970218
9122,236.57728596262018
12819,130.7566919948791
9547,212.11683172609852
485,254.26901852797212
3379,1085.6128194791797
899,456.7078177191331
1733,204.8738853670419
8444,402.90525767521075
11050,836.3502964511807
7389,1486.079799955194
10130,529.4801937177602
12079,626.7165862918871
1251,455.8918560823203
13108,418.5795363509447
2436,1357.0822468746019
4405,616.8315873831045
14025,16.323082712328716
11290,27.526271384887544
12502,393.1124046973207
4020,363.3713187817529
2304,331.08783351306323
5703,587.9391459652664
583,697.6175009071595
9405,453.6061508925722
719,424.9220194526834
5459,509.0690676955526
9773,1434.8885507712423
763,240.57982266796813
5170,294.90225742181906
1871,341.5430276274602
11832,753.2127525482879
5405,326.25196741445126
7196,626.5205519593657
739,539.0537482634535
10945,690.3458830820168
10356,1512.7724980531386
4130,343.78518822791875
13341,426.99931233660294
9793,536.2879575705025
7062,344.571234925804
10240,467.28162201922333
5437,525.6439101045349
12525,722.9010656897437
9491,1131.462771680132
751,340.5014519730681
13854,494.4518880839795
7220,439.05759147525964
6863,250.9048508626916
1840,257.37648908983016
4795,748.3318933195194
1276,353.6913594340215
2993,273.8549433039704
12224,130.52532713162006
7243,628.6253328137295
3046,362.3959991711764
4886,759.2186342250254
8058,376.9612924791955
2265,417.3788955532779
6921,374.41605153895836
11545,292.7857831783384
12993,307.0323698391114
8818,290.74888015101345
12332,1013.1741502676138
1370,292.45086635332365
741,603.8433197483661
3066,1203.0828210832678
11631,275.1854424622583
1189,1145.6208230778007
13082,885.4372355468711
5169,194.54793293212936
1571,296.9197166673459
8862,1143.6078621185054
10686,551.7889760859057
2528,543.6243197631676
2128,770.8580656283867
11169,376.46779539399637
6126,372.34679590937475
12623,236.23131448086437
1982,164.3278258594556
11407,192.24489442901603
7607,374.7506761326174
7880,712.6945905405349
13445,387.4061833148118
2058,634.4511768805841
9310,676.2927490837174
8263,814.0712258640874
5770,440.9619966573593
11015,270.7623820648637
4591,468.2392293337977
10893,26.926653622010498
2880,608.5016603436579
13898,286.07569639512224
2754,378.40600670864285
8723,286.1067740581337
2989,236.1739440556119
4375,1693.6271751572763
4093,239.4979464751609
13151,325.4761544644587
7299,671.8566264923589
4220,306.1565339943361
563,448.2012054209026
8001,596.6675428978314
11500,283.62985236038276
641,389.91148427711425
1670,595.1083504045139
12593,322.85991561168856
2408,668.2763955129248
11824,1078.758808969841
7174,310.6386590430954
8789,618.9791030301848
7632,247.05658444182922
3722,619.1747626974785
9363,1086.940766175003
13067,1021.3276575150901
6652,876.6347721299824
10106,525.1366987392544
4557,890.5951773249648
9382,356.03791951600255
5829,368.46082931650494
181,573.7858435924899
8613,347.65961885755104
6756,270.45244889820935
2219,296.64319047761813
10419,1311.7301519936739
1956,209.56958716787017
1058,258.16235949417285
12586,735.2643935360554
13206,381.87808817586125
1400,327.30226015722627
13349,417.3730543950178
4948,326.95555406582037
9910,425.2583018712186
5563,596.3330830829947
7387,486.1011004809022
4300,321.6355205767914
10620,337.6744514493822
11086,313.9479641212798
1211,742.0758892524211
11278,768.2572623650672
3394,608.0491541279459
2239,338.83434034161667
13976,338.1605741875087
10115,437.5617341504808
7225,447.02646676703193
12997,509.0608082976153
9050,655.0491745793153
4185,448.5749316327553
9759,552.9963526171499
6792,438.6261526905191
11366,532.2428132566528
11971,631.4836983175355
4702,1599.2149859871843
5891,487.97975926502414
1435,548.7145323184291
14088,245.38072996865694
93,979.1215127612446
7966,377.9537655350766
7079,192.07448349930317
3117,771.7710430949141
10347,317.03492641712495
5774,625.6224312066262
12520,276.02725686130594
5533,639.4082757880842
2778,327.49881982361535
12442,321.455831702801
13348,463.0182993511617
13833,325.3686533008265
3486,377.47682691731666
11343,343.5294503652237
13632,680.1236581855488
12129,692.0241909640481
3468,374.9298288190778
1085,206.8306738556332
13479,824.5477893825091
429,855.3086805655187
4458,293.9761030797677
5432,395.85150488817055
4270,501.97971811910776
9044,357.3522072706852
3648,1026.2697007868564
10714,584.3219500959655
7551,1153.2369393708052
409,320.1505762292661
11461,289.81282135595353
1609,365.518057374273
5156,314.38278291673464
6384,334.6962693909807
4904,246.56642934470716
4221,457.04562023257347
4316,1081.8074369827727
12810,228.1214681560293
2755,425.19714854056247
10688,472.6026339914227
950,371.0032590735838
12680,319.66776064197546
10938,534.1940777120715
8489,18.890909227288265
11317,423.1774314014333
9442,307.6920870017562
11738,949.8775936822799
5910,675.0974087190574
11758,361.26508571434886
6342,557.8214011340608
8385,1050.2882522146501
1692,435.6268665333532
9587,345.4071080283224
1422,347.6446570020063
5560,591.5996001356209
9218,196.7182542618754
820,472.7470492840025
9876,342.01056626676564
4872,846.6178613531334
3456,333.31948073528673
14085,305.3391216762705
10557,340.53236901105095
11274,423.63616634857664
13935,343.9247411476938
4063,1070.7943879803147
1286,279.12284803426655
11031,831.3653878473599
2928,551.3504432576307
11911,494.9350281933927
13240,1311.2762898642943
1092,644.553562733319
4304,356.51629106557755
74,490.9427388062513
12724,1225.7043792081708
11291,257.7824502251973
10564,337.1815348990176
5986,253.2472574794595
5776,880.2298321497858
292,391.29221853853664
13498,195.37106851860221
5047,1077.7028403222241
10745,822.3157333857706
5100,617.8392048289583
2090,517.5241985338303
6401,385.4729104741746
1802,404.441565345774
12929,1004.1556306468339
3972,409.793503980982
3695,274.3222725101625
4668,518.2181883940849
319,286.0184659906276
13312,481.2350961663373
5221,387.967825718705
13170,298.23121798701675
4343,396.47378742103353
1826,1134.7044646387799
10507,353.80080180553404
7912,521.908483415478
145,486.6156942925999
12124,260.7511266772422
12191,744.6892521483637
6907,765.6468063664059
11892,430.4320811602989
11488,636.949551625212
9805,1400.300800935161
11113,450.67108105370085
10766,413.41428963761757
1831,412.33367780503664
3981,506.2294360799992
86,510.7998760753744
8901,705.4343242267464
1220,363.0543870485866
13391,297.53778636558246
4505,161.94350144775902
2866,271.8072606964116
2997,380.1201124417253
4070,511.5571380509358
11118,351.31900246778986
11574,355.6729262801451
595,780.7519446266003
5184,381.1869752513798
10408,486.44440316637827
10953,281.58073548478217
11913,803.3885023736881
8076,350.1110331591018
13683,959.3379875157414
13224,1225.0683551280183
5329,309.8753895331022
62,1023.8784978199
6956,1610.5665253255377
6602,433.59715331998814
4581,194.19252386570724
11536,297.37933031236173
7478,714.5503896091064
11167,278.40958810592497
11656,367.44632144296014
9203,358.4709618787693
10885,307.9174215741715
13998,1148.1378226691709
10019,173.69037175240908
5206,374.31221871840114
12404,455.4156874357893
959,507.73172484554743
4839,452.4998601028608
1514,400.62673199243136
2291,197.85197569756923
4218,1008.7504368777677
5310,582.3107591837612
1480,382.1427187883929
7655,1556.828991859179
13401,303.23838291994633
6339,693.2541714257258
4672,708.4931152403717
10439,320.69764368854726
2956,663.4333328157682
7143,616.7488767126451
9685,359.2905276296073
2981,873.7372342874958
4334,1134.6362372571082
9003,1146.5125110408358
13940,351.2940173427378
11196,1184.4975281180275
10255,749.929618550791
11888,372.79091931132757
6662,465.6347793575117
12743,476.06466292962887
11101,262.4373249134964
128,1074.9891354425047
10732,223.36766094998322
5107,379.798128311463
10616,471.67585041765943
3356,958.5451764614705
12107,302.1486178711076
6799,613.0969027202451
4232,332.085309784103
12484,333.2755806961833
7108,235.2808734695258
6271,503.44896508562226
9351,540.4882648187436
6150,506.4884495140818
276,599.6711725917734
9610,1007.5782524186085
13764,433.172328080544
1273,521.8871921968413
12292,216.25106552867624
8441,396.4858976947959
13819,324.9127159051332
7092,155.38344797462307
1898,524.8688925414153
12657,305.539713332807
5426,343.54871017398875
7086,381.0363251039187
6073,369.44709389318655
13851,386.9375417459775
6857,352.09406191142597
11040,228.63844140989323
12698,327.92459695761954
2827,333.0937202232299
716,1449.9205669152207
12639,1044.197285677303
4601,298.46222830788145
1119,707.9666781844908
3709,786.5031931328958
3059,988.0779672061337
9403,793.891392135884
12556,417.6472122237181
4460,415.69294853612706
2317,387.7559784133402
5235,531.8137568465945
12402,297.66828027071443
11901,284.7929608505129
6922,289.9569283837706
10904,277.37481707080804
11909,347.842155218908
8676,392.52436204482194
11346,642.302359948938
11020,415.6499254188415
12703,235.81720758903973
3012,470.51936127911085
8315,587.1831483243999
7459,245.83153656248822
9989,1176.5572246182694
9309,725.5859682781946
1865,227.85163618851348
8396,867.0402754372375
2996,474.22440838587397
12041,552.3107311342596
6474,250.08169144292626
12634,886.0404726759583
13575,293.91588635234035
734,882.3413759066852
13932,343.9247411476938
9293,288.4589969541079
2458,237.9811703312397
7531,600.855470372284
9113,1150.2079633745402
11563,889.5061648931822
12194,339.0317670959595
5750,671.8728406890906
12968,504.5801901870387
3551,200.37251958213815
9471,641.0047007739016
3711,316.36101119065063
7034,400.97493084945603
4119,656.7642552717303
7603,251.09806186560542
5834,263.3608433874748
4025,412.07406591701107
14064,860.9021501100651
4926,451.99424151869556
6336,894.8631611020348
9000,786.4678489154101
9463,609.5213796472756
4356,276.1689566390942
12780,566.9281855279208
13320,426.11574881542776
3510,1203.0073836419272
6876,1069.5272002657111
4078,293.0661493729418
11635,1109.4914716004455
12154,1047.9501372143834
5793,453.2037239202077
7304,1144.4673472864836
12161,357.68815441538777
10724,1159.7113052378857
1794,936.925653342048
1693,605.1998876614254
4258,754.7983789114935
13204,323.71631844672356
6619,923.8217620415509
494,959.347650805525
13709,464.17899802897034
158,416.13130604469467
9949,471.1961355036445
12338,374.1497325641962
6278,574.8552391466602
6385,511.5565051249975
12607,860.9189243385679
10997,1334.0761533625666
2288,197.85197569756923
6729,238.8017261847133
3845,1027.7891703583166
966,466.3104774016238
13736,258.4313159889558
11025,712.9468009928684
2253,816.0361610799353
8194,884.2009674314378
2579,206.8447633911227
439,604.9382462886416
3323,337.9216859804082
8222,146.90154012923853
1615,376.00826393261497
5654,581.1085758563943
3685,734.3422351154582
3753,444.60068441731875
12193,301.0865838565418
12185,155.1671806168874
13421,568.7373607489537
468,259.1981102550477
6873,993.4975276812073
757,242.4723570218133
10968,327.5190189924244
4623,831.2842354746427
2689,1036.534247308293
1091,845.8358751358106
12276,559.0518881799261
10241,608.2502120502688
11271,528.8364035239177
11625,260.25235492576894
7140,968.3104039017808
1375,253.8324664529634
5273,522.5230597206922
1863,580.2518984292816
8980,284.7316361256642
5130,394.7125616451438
3729,1286.7006688167394
11585,219.82388286659753
12320,151.76652289666052
12702,1007.5130661175589
1879,303.9747661795831
13639,457.09895170646257
13443,352.9414381753793
8960,271.1611342115526
1120,602.797573519224
4485,490.87456257090594
12151,306.65351159711264
3955,497.05074368865144
12732,790.8355531087259
5548,401.5179587371423
11255,29.34276885426133
10510,564.4194782361396
13279,371.55016604172783
10802,323.69744203662384
12597,786.596707707375
3077,255.54113991884023
1433,333.7925561702205
11558,266.930254415
10224,464.81681242207975
5358,378.7486600930772
5475,602.0713524791751
2175,329.05224860718783
3718,484.9257835188534
2103,1293.3180991088798
4148,559.5461980693262
13514,956.642071050145
2657,951.7253055600951
9234,455.07376005350454
1935,515.0411051888582
9248,294.0488972238286
2953,940.3984615619286
10073,303.4898226764371
5816,405.07332328876726
7853,601.989490061801
6502,248.57942327700437
9384,344.7704044902982
10063,1036.2313615120138
10987,211.80589409957628
759,313.1289548740834
9574,729.2192663151726
830,375.7958384999735
3932,1134.0421617220065
7329,525.0444164908025
5810,358.1983895722771
5924,455.05583940350715
12294,600.5134786971578
2448,308.29836268113644
11038,543.8725824597824
9237,480.73059664366923
11607,367.44632144296014
8661,248.2861544837317
5557,405.43994848849377
10276,269.80250359813584
5590,419.0157512212021
11200,1011.0444225874004
11157,278.00648713210325
4195,537.6732358226178
6007,800.3877314025095
11551,141.1660801615942
1460,504.23201083322533
6787,537.0889277894743
7541,823.8150061056767
6913,288.283343990813
13622,415.3369430903471
7334,421.435376808398
7260,311.2693145409453
3078,396.7069896373152
11397,11.860909127328185
6914,1295.3062708014565
2674,1038.6786186132208
135,347.67034615767227
7801,877.6758168733663
13953,324.74796326926935
13211,298.24296550621085
2930,343.9428158602134
9704,1216.65529531611
3890,617.323593927519
800,754.462619585216
7933,378.78222747206223
8129,329.43866621349355
8905,632.5527793197978
428,267.6202830658587
11205,631.2384048511508
5373,821.788310050721
7508,537.588126366355
12599,812.6448475996323
7699,223.8094103649081
12619,112.12602412624089
5903,325.4129991798593
1256,789.6740912871215
3276,278.97499342303365
6077,361.1808057733725
8627,174.51232244527492
4882,780.7796860849154
5419,266.62479464436973
11296,1545.497538491403
2319,1148.3951587653298
9920,359.70954178431697
5153,410.3151744309156
8974,1269.7816175107155
3038,929.3042756806093
4830,1451.1225567457948
9648,301.6986880836961
9181,457.6130781431453
4827,558.0651121093941
10821,386.21271161634485
8583,500.4350895863057
11966,399.5764998345458
6946,427.5299593926957
11469,612.060852696878
3306,198.88630379601778
382,555.0001330590768
9743,1145.5833242189644
3528,415.023400600714
2789,314.54617815679745
13754,457.5430293980384
1,348.1561612218512
6597,439.4114602211643
3061,830.6191498337063
4961,598.0534829020811
7733,336.93648478202897
3313,1129.5178791414705
11900,370.2710460724682
13282,336.05523892679463
10244,300.50229986240373
7021,17.448935830160014
5406,354.9220993839072
5258,467.89222890899043
7977,211.18647534785563
9027,783.9546710519007
8726,375.2962479345107
13011,558.5865920542303
2019,571.5632838095835
6386,339.51685081783404
13696,362.7873021329274
4954,598.6732627505187
6322,507.6614852889756
11141,440.8763717579846
7745,413.73361961877697
5051,434.508231202477
12617,313.8104091160719
6376,913.1670184875453
9282,392.551640345382
5503,1090.741759764979
13097,276.0833891996373
10147,434.2859847494398
4666,473.00280017515485
7400,554.4621179402855
3155,910.8315697965901
5614,617.5078196111186
217,211.41324470945196
5220,444.8135664466072
4630,156.39025798789993
7896,386.5751724471742
8537,397.3778938496493
3922,345.5291333288234
867,279.31678056283437
11666,231.85528463484792
44,513.8191753081585
18,235.77600794625542
12374,296.72599763561044
8584,1135.50672346679
1884,452.5392098414427
3706,799.3544390230518
10155,1207.634946057348
3708,1136.0473929314987
12938,411.09439461091574
5146,888.0133649977662
8962,844.2103646503034
7887,239.91707490602616
11928,299.3659467002048
8481,532.809350283445
3326,434.182434690722
12725,411.78476362109785
9617,884.7057068345832
10977,1009.8597982639963
5848,2055.3032081897745
13112,1077.9596338251122
11185,511.3354012058803
7954,357.2402790304075
13125,295.3768673252326
5844,352.1198908986511
260,440.23763667225836
9734,208.5407724394413
444,317.7217195422727
8655,398.3180520289912
6965,771.8400147392581
9485,546.7277901703185
533,710.5861982398167
6919,338.0025687445518
11611,363.62611817859016
10382,1110.8626287127686
11361,237.80968412641414
13656,900.2247234262533
12004,608.962036061822
12946,306.9975298974447
431,182.18930501415412
5679,388.5179678316078
4439,353.9457983547182
2329,1155.0210616516003
9729,540.4782916680655
8825,414.07641617102274
578,533.9940822984212
13111,1263.9359362429823
7045,314.7778576790575
8178,461.7741934693825
5187,225.44959030161075
8067,297.399922490828
13608,1466.2433498275568
1699,542.1495891812507
762,521.2510414777943
12254,255.7300915468633
797,440.89385628026554
4752,474.23532066950344
9971,338.51647326564154
7504,644.1451693104636
6174,1013.347010038594
4383,230.20641189379555
12994,1039.2083478612076
11772,753.9916469338009
11565,602.7286312685475
2547,702.0161934792925
1942,788.4275623233514
4082,427.32952716427593
14059,512.6429641359116
6557,360.9546665361702
6326,415.8455635216939
5438,313.65364663143464
3069,886.8359745251619
10291,286.9301115449979
5839,261.6595641977192
14028,882.2293977191484
7866,293.5962456028359
8760,368.2141239209763
10676,409.4784044661752
592,288.6755699737583
4788,745.4134339676013
9252,386.5751724471742
3298,283.3011423440229
1042,421.3495401828082
6904,798.195123579363
9020,207.85964788765276
2518,270.02397126175043
2222,397.6688051544622
7780,320.14936897526485
9256,1529.8131499744238
10096,470.77112346799623
6301,398.29906817139516
6504,213.25321964772016
12531,685.3830721937495
9212,226.48662955451033
9396,1328.5825742419477
961,637.3232745195014
3590,419.7175529179865
6087,417.6842589216955
11433,390.5896754202584
3774,798.0645006708274
884,423.5958934892052
4547,650.4485823582443
8299,287.47097905210126
10385,1487.2829093715932
9346,941.160245436755
4685,682.3195139523435
7526,410.2829592624914
6780,970.5309348014199
8815,279.7381250886559
11414,343.78984186887146
1836,493.11259820971884
6930,207.31625184533425
7361,451.73372725496773
3785,224.41467438571087
8371,192.80412004901692
12957,250.2796263878726
2451,391.32354192763705
12297,402.85380954005353
7437,416.07955760411147
11288,29.218134772251883
5716,592.5393732926929
7173,288.41124775325613
12210,438.5114046090004
6943,1477.8156272020874
13394,843.4612571033191
1161,995.8541621042127
14105,950.0411809904926
8977,1284.5569537701072
12400,1016.7287258676272
11309,439.8593061929366
6211,300.062450503688
2155,319.41820525176774
1459,528.3098290500413
1207,205.74903495778213
8345,376.828504335511
11142,356.78696318120916
2743,572.4764711940488
8732,323.98890075038656
5045,511.4059350752309
12550,610.1364867244095
10565,360.8544214879733
13870,353.64089634630415
7895,279.796310538222
4786,614.8716596680308
6168,383.01279842337726
1148,236.04557830244383
7071,185.29836467570487
13590,267.52166277003124
8414,350.56144209566787
3290,433.93443338876
9480,537.5781881314228
12072,396.3232034135662
7800,313.4695074607909
1887,514.679143981346
624,723.574880790319
6519,916.8485128872846
1340,360.5730958781342
13947,328.59519624838293
8840,1014.2034835837254
3324,283.46124554525545
4245,538.4397245412057
3081,308.3611136132251
12749,229.78268748814418
10733,223.36766094998322
1502,409.25589927289894
11975,1054.9627267069552
3425,324.30572322436774
6785,455.3120552457967
3496,475.90884917948716
4090,912.706260923362
10411,814.2904097083504
13725,306.8288598875987
13359,263.1269976878729
7975,367.0186780484488
6348,1106.3591802578414
8367,393.4473420755299
11593,904.1832236303699
7175,383.5382630571056
6320,467.15456991559375
9239,591.7396000556369
11941,1026.0648326690552
10877,610.871529611156
8427,524.7528571882048
8162,395.5485353687861
11335,435.53230862761
10157,548.9646720995768
11213,180.77388787197273
12740,155.1671806168874
6183,442.6749218545933
8611,314.2301986776193
3039,519.3016826432735
8243,1360.5139804235323
8397,389.812115320885
4476,795.758985183495
5398,392.7113002795585
1473,353.10815394992767
13569,641.1759768139366
10412,650.4859667340711
9318,396.2387150745974
5713,393.88379891248275
3370,410.0779683395201
850,477.7552542290335
4864,1152.6414936568451
3388,977.9557573169803
6979,555.0663636743533
8984,541.9781905023602
10167,679.1445205213435
2211,475.88984618899576
3563,209.96004500113997
579,911.6988567945893
11203,916.583240762736
1512,378.3373926115156
6648,784.5232223276687
12647,290.84057656483446
3376,902.3052735604205
11677,528.1703360781179
11116,213.9283280138772
415,874.616140910979
7302,419.90110365859147
11784,27.25510453780413
6179,215.82370184080548
5016,280.8185864945129
427,492.30130602370724
11294,589.532265675696
622,42.72920776365426
2095,343.2020769636923
11039,233.9142075699675
8956,928.8983262598198
6818,468.31197635458255
2381,1333.0357873824173
7542,367.0071455041327
2341,492.9233251828011
4534,719.613919437785
266,257.5959310867925
6102,270.65712195415534
9951,848.7550136206122
8833,548.1813226513336
10978,251.8824794519824
11728,265.99862720532593
5332,221.8368036278422
5814,489.49058423351585
14031,481.60564717299997
6700,506.6208756414195
5618,410.0899547174538
10150,250.39619120048908
8024,576.8832285554004
12440,235.60601544425737
2089,315.5163144391932
13605,313.39262034566997
2143,747.8072961908003
4631,670.3315278679188
10400,349.3471325055454
4478,463.5004596473554
1083,665.9437135308106
1672,819.8178236609465
3422,194.43129619993582
3746,948.4273175158959
12527,626.4685188089213
3843,409.4307048052654
12956,304.0825437865521
10844,229.41201950869745
1504,522.8105893528804
9675,321.65277206748607
1972,180.9325301019686
5181,334.9261718260114
2609,358.95834981615775
8210,159.90498643251462
12590,532.2948492181715
8325,309.72945640592417
317,487.5691126849801
3747,794.5935985583255
695,1013.6243977134718
13566,317.8016967665532
11987,353.7290920628789
6852,490.09352191924967
3586,494.19956331239166
6663,446.1108652469777
11978,949.2589240618056
2967,734.7416752337816
4644,1289.3656213543381
12021,312.44633070798324
11559,200.39326383128264
7279,303.1631744394365
3095,486.8496180518526
2883,302.11317918692595
12885,337.0633179083491
3269,249.96848107958996
5350,1154.3229662248332
12167,1317.4427178612823
10539,1033.3211098486038
13799,327.6311223511745
3245,228.99051249501338
11399,752.0784307698746
7040,812.8470392711247
3101,562.8689056711698
7683,363.6277588753715
9016,428.4182233363863
11748,352.4358251611453
11259,623.9591854391117
1464,559.4551977075799
3838,874.1846246309073
8577,978.6310891506371
377,434.4400485903947
9718,540.4782916680655
10718,13.834060016097542
2217,361.1701290331983
6730,994.2052159103181
12281,326.30732819042225
13399,298.0906110724714
8226,239.53290111674357
11867,1073.4348012777957
9607,641.415702466095
3820,835.0800810425326
12874,368.86230689202876
10372,559.4364597393255
5532,234.10679423259745
12637,689.7935839456421
4140,346.7760864095003
3232,456.23412988410354
2393,353.0025558974819
9388,111.29421771453562
10939,396.8393248064577
2485,351.7288617817853
8388,257.16016319914485
12907,495.14639415511095
8218,448.81238093877744
8048,489.11378756214833
2047,535.4346427486611
5894,441.11397314148144
1255,372.1851906793147
953,606.4462610030414
8912,441.9150752143868
11087,1022.3527508024772
12682,284.70375055226174
5091,264.8734870419886
3167,354.32191238457904
2933,685.5336283717983
7803,378.78222747206223
3410,340.5155683457694
9576,279.23522205910564
1719,598.3327990863468
10796,362.0033234596842
10022,323.9213197131459
8296,640.094345203108
13307,1376.8706711768507
12532,508.6045220468093
10892,11.304734689135937
11284,453.7144594091497
6744,397.1628314547019
6596,383.3626732782427
5376,315.5597785068181
6014,376.6064815173347
13817,278.3838269978438
2565,245.3771816840061
10621,468.82473878478345
7417,661.5030519644921
10896,359.7933564191834
1537,470.765671470474
1057,1517.8613165991533
1147,367.4694076491217
10763,1326.0324149619764
1938,800.2285616977974
6178,406.148584984744
1032,242.38582639340507
9439,229.83289028500548
8381,190.25990775729545
9940,877.1230231299397
10861,134.5517759424106
11992,258.82853716300514
6546,679.7856123795708
7862,632.8279773399753
7339,699.3995696929157
2544,422.0064682775853
97,1068.8274247198435
12712,233.7571560161449
13597,279.93598425486005
2475,386.4884471830551
2685,869.8066849149131
2523,291.634016362905
2628,736.7920048843406
